entity,term,count,,,entity,term,count,entity,term,count
Species,mouse,283,,,Species,mouse,283,Chemical,calcium,35
Species,mice,208,,,Species,mice,208,Chemical,tyrosine,30
Species,human,152,,,Species,human,152,Chemical,iron,26
Gene,LIS1,121,,,Gene,LIS1,121,Chemical,5-HT,19
Gene,Lis1,83,,,Gene,ErbB4,78,Chemical,lysine,19
Gene,ErbB4,78,,,Gene,AMBRA1,52,Chemical,Ser,17
Species,murine,76,,,Gene,Brd4,49,Chemical,serine,16
Species,mammalian,75,,,Gene,MEF2,47,Chemical,steroid,13
Gene,AMBRA1,52,,,Gene,GRIP1,46,Disease,cancer,30
Gene,Brd4,49,,,Gene,frataxin,45,Disease,lissencephaly,20
Gene,MEF2,47,,,Gene,MEF2C,42,Disease,infection,15
Gene,GRIP1,46,,,Gene,Keap1,40,Disease,tumor,12
Gene,frataxin,45,,,Gene,FGFR1,35,Disease,diabetes,11
Gene,MEF2C,42,,,,,,,,
Gene,Keap1,40,,,,,,,,
Gene,FGFR1,35,,,,,,,,
Chemical,calcium,35,,,,,,,,
Gene,Nrf2,33,,,,,,,,
Gene,PSD-95,32,,,,,,,,
Gene,PTEN,32,,,,,,,,
Gene,Ambra1,32,,,,,,,,
Gene,Tek,30,,,,,,,,
Chemical,tyrosine,30,,,,,,,,
Disease,cancer,30,,,,,,,,
Gene,HER4,27,,,,,,,,
Gene,NUDEL,27,,,,,,,,
Gene,Tie2,26,,,,,,,,
Chemical,iron,26,,,,,,,,
Gene,CaV1.2,25,,,,,,,,
Gene,Tie-2,24,,,,,,,,
Gene,CHD1,23,,,,,,,,
Gene,Ndel1,23,,,,,,,,
Gene,STAT5A,23,,,,,,,,
Gene,IFN-gamma,22,,,,,,,,
Gene,beta-catenin,21,,,,,,,,
Gene,Tsc1,21,,,,,,,,
Gene,DYRK1A,21,,,,,,,,
Gene,Setd5,21,,,,,,,,
Gene,CARM1,20,,,,,,,,
Disease,lissencephaly,20,,,,,,,,
Species,yeast,19,,,,,,,,
Chemical,5-HT,19,,,,,,,,
Chemical,lysine,19,,,,,,,,
Gene,FGF,18,,,,,,,,
Gene,tek,18,,,,,,,,
Gene,Cul3,18,,,,,,,,
Species,patients,18,,,,,,,,
Gene,FMRP,17,,,,,,,,
Gene,Sema5A,17,,,,,,,,
Gene,Rai1,17,,,,,,,,
Chemical,Ser,17,,,,,,,,
Gene,ERBB4,16,,,,,,,,
Chemical,serine,16,,,,,,,,
Gene,TSC2,15,,,,,,,,
Gene,Akt,15,,,,,,,,
Gene,NDEL1,15,,,,,,,,
Gene,CRY2,15,,,,,,,,
Disease,infection,15,,,,,,,,
Gene,GTF2I,14,,,,,,,,
Gene,MBD2,14,,,,,,,,
Gene,Pten,14,,,,,,,,
Gene,VE-PTP,14,,,,,,,,
Gene,FGF-2,14,,,,,,,,
Gene,SRC-2,14,,,,,,,,
Gene,MyoD,13,,,,,,,,
Gene,metaxin 2,13,,,,,,,,
Gene,Ang3,13,,,,,,,,
Gene,CAL,13,,,,,,,,
Gene,mTOR,13,,,,,,,,
Gene,ADAM22,13,,,,,,,,
Gene,CyPA,13,,,,,,,,
Chemical,steroid,13,,,,,,,,
Gene,FGFR-1,12,,,,,,,,
Gene,tie-2,12,,,,,,,,
Gene,Gtf2i,12,,,,,,,,
Gene,DCX,12,,,,,,,,
Gene,Mef2C,12,,,,,,,,
Gene,Myc,12,,,,,,,,
Gene,Ang4,12,,,,,,,,
Gene,CaBP5,12,,,,,,,,
Gene,P-selectin,12,,,,,,,,
Gene,USP7,12,,,,,,,,
Gene,WASH,12,,,,,,,,
Gene,gp49B,12,,,,,,,,
Species,Drosophila,12,,,,,,,,
Disease,tumor,12,,,,,,,,
Gene,Dyrk,11,,,,,,,,
Gene,Tcf-4,11,,,,,,,,
Gene,Tsc2,11,,,,,,,,
Gene,NudE,11,,,,,,,,
Gene,HDAC7,11,,,,,,,,
Gene,CLIP-170,11,,,,,,,,
Gene,NG2,11,,,,,,,,
Gene,Dyrk1A,11,,,,,,,,
Gene,CUL3,11,,,,,,,,
Gene,TFII-I,11,,,,,,,,
Gene,CHD8,11,,,,,,,,
Gene,FGF23,11,,,,,,,,
Gene,XIAP,11,,,,,,,,
Gene,DICAM,11,,,,,,,,
Gene,SETD5,11,,,,,,,,
Gene,FAK,11,,,,,,,,
Disease,diabetes,11,,,,,,,,
Gene,DYRK,10,,,,,,,,
Gene,SEF-2,10,,,,,,,,
Gene,MBD3,10,,,,,,,,
Gene,Tsc-2,10,,,,,,,,
Gene,MCAP,10,,,,,,,,
Gene,gamma-PAK,10,,,,,,,,
Gene,Mef2c,10,,,,,,,,
Gene,RAI1,10,,,,,,,,
Gene,Nudel,10,,,,,,,,
Gene,BRD4,10,,,,,,,,
Gene,Scrib,10,,,,,,,,
Gene,AK4,10,,,,,,,,
Gene,SIRT1,10,,,,,,,,
Gene,MLL,10,,,,,,,,
Gene,dynein,10,,,,,,,,
Gene,PWWP2A,10,,,,,,,,
Species,humans,10,,,,,,,,
Chemical,glucose,10,,,,,,,,
Disease,SMS,10,,,,,,,,
CellLine,T-cell,10,,,,,,,,
Gene,MEF-2,9,,,,,,,,
Gene,glucocorticoid receptor,9,,,,,,,,
Gene,SRC-1,9,,,,,,,,
Gene,metaxin 1,9,,,,,,,,
Gene,Grb14,9,,,,,,,,
Gene,CYFIP1,9,,,,,,,,
Gene,Rac1,9,,,,,,,,
Gene,Klotho,9,,,,,,,,
Gene,FXN,9,,,,,,,,
Gene,Cyt1,9,,,,,,,,
Gene,AKT,9,,,,,,,,
Gene,WAVE1,9,,,,,,,,
Gene,Hsp90,9,,,,,,,,
Chemical,phosphotyrosine,9,,,,,,,,
Disease,embryonic lethality,9,,,,,,,,
Disease,leukaemia,9,,,,,,,,
Gene,GT1,8,,,,,,,,
Gene,SSTR2,8,,,,,,,,
Gene,TIF2,8,,,,,,,,
Gene,AF-1,8,,,,,,,,
Gene,FRDA,8,,,,,,,,
Gene,IL-4,8,,,,,,,,
Gene,mNudE-L,8,,,,,,,,
Gene,PTB,8,,,,,,,,
Gene,NOR-1,8,,,,,,,,
Gene,Cdc42,8,,,,,,,,
Gene,PAF receptor,8,,,,,,,,
Gene,beta1AR,8,,,,,,,,
Gene,filamin C,8,,,,,,,,
Gene,APH-1,8,,,,,,,,
Gene,Scl,8,,,,,,,,
Gene,DISC1,8,,,,,,,,
Gene,CIB1,8,,,,,,,,
Gene,CLOCK,8,,,,,,,,
Gene,Foxp3,8,,,,,,,,
Gene,SHANK3,8,,,,,,,,
Gene,Shisa6,8,,,,,,,,
Gene,Src,8,,,,,,,,
Gene,Dpep3,8,,,,,,,,
Gene,CDK4/6,8,,,,,,,,
Species,rat,8,,,,,,,,
Species,Mice,8,,,,,,,,
Species,Xenopus,8,,,,,,,,
Species,Mammalian,8,,,,,,,,
Chemical,leucine,8,,,,,,,,
Chemical,arginine,8,,,,,,,,
Chemical,phosphopeptides,8,,,,,,,,
Chromosome,2p34,8,,,,,,,,
Disease,MDS,8,,,,,,,,
Disease,neuronal migration defects,8,,,,,,,,
CellLine,P19,8,,,,,,,,
Gene,receptor tyrosine kinase,7,,,,,,,,
Gene,TEK,7,,,,,,,,
Gene,MBD1,7,,,,,,,,
Gene,MBD4,7,,,,,,,,
Gene,SSTR-2,7,,,,,,,,
Gene,Grb2,7,,,,,,,,
Gene,Grb7,7,,,,,,,,
Gene,Ca(v)1.2,7,,,,,,,,
Gene,SAP90,7,,,,,,,,
Gene,mNudE,7,,,,,,,,
Gene,Pafah1b1,7,,,,,,,,
Gene,JNK,7,,,,,,,,
Gene,HGF,7,,,,,,,,
Gene,Kir2.3,7,,,,,,,,
Gene,FLASH,7,,,,,,,,
Gene,PAK-2,7,,,,,,,,
Gene,Rac,7,,,,,,,,
Gene,STAT5,7,,,,,,,,
Gene,p53,7,,,,,,,,
Gene,Pak2,7,,,,,,,,
Gene,Arip4,7,,,,,,,,
Gene,MUC20,7,,,,,,,,
Gene,Duplin,7,,,,,,,,
Gene,Aph-1a,7,,,,,,,,
Gene,PLCdelta4,7,,,,,,,,
Gene,SLTM,7,,,,,,,,
Gene,BDNF,7,,,,,,,,
Gene,TMEM16B,7,,,,,,,,
Gene,Chd1,7,,,,,,,,
Gene,Hausp,7,,,,,,,,
Gene,Plk3,7,,,,,,,,
Gene,Dnmt1,7,,,,,,,,
Gene,integrin beta3,7,,,,,,,,
Gene,BMAL1,7,,,,,,,,
Gene,ASUN,7,,,,,,,,
Gene,RNF2,7,,,,,,,,
Gene,LRIT3,7,,,,,,,,
Gene,Shisa7,7,,,,,,,,
Species,transgenic mice,7,,,,,,,,
Chemical,heparin,7,,,,,,,,
Chemical,Ca2+,7,,,,,,,,
Disease,tumour,7,,,,,,,,
Disease,cancers,7,,,,,,,,
Disease,haploinsufficiency,7,,,,,,,,
Disease,cardiac hypertrophy,7,,,,,,,,
Gene,gamma-adaptin,6,,,,,,,,
Gene,flg,6,,,,,,,,
Gene,Tie-1,6,,,,,,,,
Gene,All-1,6,,,,,,,,
Gene,SF/HGF,6,,,,,,,,
Gene,CBP,6,,,,,,,,
Gene,MIBP1,6,,,,,,,,
Gene,Stat5,6,,,,,,,,
Gene,PSD-93,6,,,,,,,,
Gene,Folh1,6,,,,,,,,
Gene,TSC1,6,,,,,,,,
Gene,CYFIP1/2,6,,,,,,,,
Gene,Sema4F,6,,,,,,,,
Gene,SOX18,6,,,,,,,,
Gene,TCF4,6,,,,,,,,
Gene,Ang-1,6,,,,,,,,
Gene,Ang-2,6,,,,,,,,
Gene,TNF alpha,6,,,,,,,,
Gene,Ang1,6,,,,,,,,
Gene,Erbb4,6,,,,,,,,
Gene,Dcx,6,,,,,,,,
Gene,NRG1,6,,,,,,,,
Gene,GAC63,6,,,,,,,,
Gene,HIC-5,6,,,,,,,,
Gene,FGF21,6,,,,,,,,
Gene,Fxn,6,,,,,,,,
Gene,Kindlin-2,6,,,,,,,,
Gene,beta3,6,,,,,,,,
Gene,Neto1,6,,,,,,,,
Gene,fibrinogen,6,,,,,,,,
Gene,ROCK1,6,,,,,,,,
Gene,CRY1,6,,,,,,,,
Gene,DHHC5,6,,,,,,,,
Gene,MLL1,6,,,,,,,,
Gene,DPEP3,6,,,,,,,,
Gene,Foxk1,6,,,,,,,,
Gene,JRAB,6,,,,,,,,
Gene,Beclin 1,6,,,,,,,,
Gene,MET,6,,,,,,,,
Gene,TrkB,6,,,,,,,,
Gene,Polycomb,6,,,,,,,,
Gene,TBC1D21,6,,,,,,,,
Species,Mouse,6,,,,,,,,
Species,patient,6,,,,,,,,
Chemical,sulfur,6,,,,,,,,
Disease,breast cancer,6,,,,,,,,
Disease,inflammation,6,,,,,,,,
Disease,ASD,6,,,,,,,,
Gene,c-met,5,,,,,,,,
Gene,ME2,5,,,,,,,,
Gene,tie2,5,,,,,,,,
Gene,tie-1,5,,,,,,,,
Gene,DNA polymerase alpha,5,,,,,,,,
Gene,MEF2A,5,,,,,,,,
Gene,Pafaha,5,,,,,,,,
Gene,mNthl1,5,,,,,,,,
Gene,AP-1,5,,,,,,,,
Gene,CYT-1,5,,,,,,,,
Gene,Cul-3,5,,,,,,,,
Gene,ErbB4DeltaIC,5,,,,,,,,
Gene,Sema4C,5,,,,,,,,
Gene,mLis1,5,,,,,,,,
Gene,filamin-B,5,,,,,,,,
Gene,Friedreich ataxia,5,,,,,,,,
Gene,Gtf2ird1,5,,,,,,,,
Gene,Tcf7l2,5,,,,,,,,
Gene,GR,5,,,,,,,,
Gene,alpha2,5,,,,,,,,
Gene,Dok-R,5,,,,,,,,
Gene,MBD-2,5,,,,,,,,
Gene,MBD-3,5,,,,,,,,
Gene,MBD-1,5,,,,,,,,
Gene,14-3-3epsilon,5,,,,,,,,
Gene,reelin,5,,,,,,,,
Gene,mHAUSP,5,,,,,,,,
Gene,HAUSP,5,,,,,,,,
Gene,MYC,5,,,,,,,,
Gene,Sra-1,5,,,,,,,,
Gene,Nap1,5,,,,,,,,
Gene,Arp2/3,5,,,,,,,,
Gene,Nde1,5,,,,,,,,
Gene,Eto2,5,,,,,,,,
Gene,PSD95,5,,,,,,,,
Gene,CTCF,5,,,,,,,,
Gene,NGL-2,5,,,,,,,,
Gene,4-Sep,5,,,,,,,,
Gene,RORalpha,5,,,,,,,,
Gene,APH1,5,,,,,,,,
Gene,TNIK,5,,,,,,,,
Gene,AKAP13,5,,,,,,,,
Gene,clock,5,,,,,,,,
Gene,Usp7,5,,,,,,,,
Gene,Uhrf1,5,,,,,,,,
Gene,Ts4,5,,,,,,,,
Gene,BET,5,,,,,,,,
Gene,Prdm3,5,,,,,,,,
Gene,Prdm16,5,,,,,,,,
Gene,Mef2,5,,,,,,,,
Gene,Shank3,5,,,,,,,,
Gene,EPOP,5,,,,,,,,
Gene,GPS2,5,,,,,,,,
Species,bovine,5,,,,,,,,
Chemical,NAPVSIPQ,5,,,,,,,,
Chemical,peptides,5,,,,,,,,
Chemical,cysteine,5,,,,,,,,
Chemical,nocodazole,5,,,,,,,,
Chemical,SR1001,5,,,,,,,,
Chromosome,21q22.2,5,,,,,,,,
Disease,TS,5,,,,,,,,
Disease,Friedreich\'s ataxia,5,,,,,,,,
Disease,death,5,,,,,,,,
Disease,deficiency,5,,,,,,,,
Disease,obesity,5,,,,,,,,
Disease,stress,5,,,,,,,,
Disease,AML,5,,,,,,,,
Disease,PCG,5,,,,,,,,
CellLine,MDCK,5,,,,,,,,
CellLine,AP2,5,,,,,,,,
CellLine,HEK293,5,,,,,,,,
ProteinMutation,Pro33,5,,,,,,,,
Gene,PTK,4,,,,,,,,
Gene,erbB,4,,,,,,,,
Gene,erbB4,4,,,,,,,,
Gene,CDC46,4,,,,,,,,
Gene,DHPR,4,,,,,,,,
Gene,fgfr-1,4,,,,,,,,
Gene,ALL-1,4,,,,,,,,
Gene,c-Met,4,,,,,,,,
Gene,RTK,4,,,,,,,,
Gene,ITF-2,4,,,,,,,,
Gene,MITF-2A,4,,,,,,,,
Gene,MITF-2B,4,,,,,,,,
Gene,MMAC1,4,,,,,,,,
Gene,p/CIP,4,,,,,,,,
Gene,Frataxin,4,,,,,,,,
Gene,PAF-AH,4,,,,,,,,
Gene,Wnt,4,,,,,,,,
Gene,shyc,4,,,,,,,,
Gene,MeCP2,4,,,,,,,,
Gene,p85,4,,,,,,,,
Gene,Angiopoietin-1,4,,,,,,,,
Gene,Cav1.2,4,,,,,,,,
Gene,Cdk5,4,,,,,,,,
Gene,NAALADase,4,,,,,,,,
Gene,GRIP,4,,,,,,,,
Gene,Idd4,4,,,,,,,,
Gene,fibulin-5,4,,,,,,,,
Gene,Ncf1,4,,,,,,,,
Gene,alpha1,4,,,,,,,,
Gene,NCoR,4,,,,,,,,
Gene,VLDLR,4,,,,,,,,
Gene,Dab1,4,,,,,,,,
Gene,Met,4,,,,,,,,
Gene,cyclin D1,4,,,,,,,,
Gene,nicastrin,4,,,,,,,,
Gene,TBL1,4,,,,,,,,
Gene,pericentrin,4,,,,,,,,
Gene,IQGAP1,4,,,,,,,,
Gene,SSB-2,4,,,,,,,,
Gene,caveolin-1,4,,,,,,,,
Gene,Btk,4,,,,,,,,
Gene,myocardin,4,,,,,,,,
Gene,Lrfn1,4,,,,,,,,
Gene,Reelin,4,,,,,,,,
Gene,betaKlotho,4,,,,,,,,
Gene,histone H1,4,,,,,,,,
Gene,NMDAR,4,,,,,,,,
Gene,Cyfip1,4,,,,,,,,
Gene,BD1,4,,,,,,,,
Gene,BD2,4,,,,,,,,
Gene,hausp,4,,,,,,,,
Gene,GSK-3beta,4,,,,,,,,
Gene,DYRK3,4,,,,,,,,
Gene,IGFN1,4,,,,,,,,
Gene,Dpy-30,4,,,,,,,,
Gene,Foxo4,4,,,,,,,,
Gene,SIRT5,4,,,,,,,,
Gene,WASP,4,,,,,,,,
Gene,BECN1,4,,,,,,,,
Gene,LC3,4,,,,,,,,
Gene,HelG,4,,,,,,,,
Gene,Ndfip1,4,,,,,,,,
Gene,TDP-43,4,,,,,,,,
Gene,SERT,4,,,,,,,,
Gene,PWWP2A/B,4,,,,,,,,
Gene,MTA1,4,,,,,,,,
Gene,H2A.Z,4,,,,,,,,
Species,Murine,4,,,,,,,,
Species,Escherichia coli,4,,,,,,,,
Species,Saccharomyces cerevisiae,4,,,,,,,,
Chemical,heparan sulfate,4,,,,,,,,
Chemical,N,4,,,,,,,,
Chemical,purine,4,,,,,,,,
Chemical,threonine,4,,,,,,,,
Chemical,Tyr,4,,,,,,,,
Chemical,disulfide,4,,,,,,,,
Chemical,phosphopeptide,4,,,,,,,,
Chemical,Lys4,4,,,,,,,,
Chemical,phosphate,4,,,,,,,,
Chemical,ROS,4,,,,,,,,
Chromosome,chromosome 5,4,,,,,,,,
Chromosome,chromosome 11,4,,,,,,,,
Disease,tuberous sclerosis,4,,,,,,,,
Disease,Miller-Dieker syndrome,4,,,,,,,,
Disease,type I lissencephaly,4,,,,,,,,
Disease,Smith-Magenis syndrome,4,,,,,,,,
Disease,schizophrenia,4,,,,,,,,
Disease,infertility,4,,,,,,,,
Disease,hypertrophy,4,,,,,,,,
Disease,ALS,4,,,,,,,,
CellLine,B cell,4,,,,,,,,
CellLine,NIH3T3,4,,,,,,,,
CellLine,mast,4,,,,,,,,
CellLine,C2C12,4,,,,,,,,
CellLine,HC11,4,,,,,,,,
CellLine,T cell,4,,,,,,,,
Gene,ErbB3,3,,,,,,,,
Gene,erbB3,3,,,,,,,,
Gene,histone H4,3,,,,,,,,
Gene,fibroblast growth factor receptor 1,3,,,,,,,,
Gene,fibronectin,3,,,,,,,,
Gene,DNA-binding protein,3,,,,,,,,
Gene,MEF-2C,3,,,,,,,,
Gene,adenylosuccinate lyase,3,,,,,,,,
Gene,tuberin,3,,,,,,,,
Gene,minibrain,3,,,,,,,,
Gene,mnb,3,,,,,,,,
Gene,estrogen receptor,3,,,,,,,,
Gene,mTcf-3,3,,,,,,,,
Gene,mTcf-4,3,,,,,,,,
Gene,Tcf7/2,3,,,,,,,,
Gene,AP-2,3,,,,,,,,
Gene,postsynaptic density-95,3,,,,,,,,
Gene,SSRP1,3,,,,,,,,
Gene,Mbd1,3,,,,,,,,
Gene,Mbd2,3,,,,,,,,
Gene,Mbd3,3,,,,,,,,
Gene,Mbd4,3,,,,,,,,
Gene,PSMA,3,,,,,,,,
Gene,tumor necrosis factor alpha,3,,,,,,,,
Gene,fragile X mental retardation protein,3,,,,,,,,
Gene,Semaphorin4F,3,,,,,,,,
Gene,Sox18,3,,,,,,,,
Gene,interferon-gamma,3,,,,,,,,
Gene,SRC,3,,,,,,,,
Gene,D11Nds1,3,,,,,,,,
Gene,p/CAF,3,,,,,,,,
Gene,mu2,3,,,,,,,,
Gene,Eps15,3,,,,,,,,
Gene,gamma-synergin,3,,,,,,,,
Gene,GluRB,3,,,,,,,,
Gene,PGC-1alpha,3,,,,,,,,
Gene,Wap,3,,,,,,,,
Gene,RhoA,3,,,,,,,,
Gene,Reln,3,,,,,,,,
Gene,ApoER2,3,,,,,,,,
Gene,WAVE2,3,,,,,,,,
Gene,Abi-1,3,,,,,,,,
Gene,5-HT(2A,3,,,,,,,,
Gene,5-HT(2A) receptor,3,,,,,,,,
Gene,Myocyte enhancer factor 2,3,,,,,,,,
Gene,Gal4,3,,,,,,,,
Gene,PEN-2,3,,,,,,,,
Gene,OFD1,3,,,,,,,,
Gene,Par-4,3,,,,,,,,
Gene,IMAC,3,,,,,,,,
Gene,mammalian target of rapamycin,3,,,,,,,,
Gene,ErbB-4,3,,,,,,,,
Gene,MASTR,3,,,,,,,,
Gene,Lrfn2,3,,,,,,,,
Gene,Lrfn4,3,,,,,,,,
Gene,FLRT3,3,,,,,,,,
Gene,TRIO,3,,,,,,,,
Gene,ATM,3,,,,,,,,
Gene,ATR,3,,,,,,,,
Gene,Beclin1,3,,,,,,,,
Gene,SAFB1,3,,,,,,,,
Gene,SOX3,3,,,,,,,,
Gene,HEB,3,,,,,,,,
Gene,neuroD2,3,,,,,,,,
Gene,Cabp5,3,,,,,,,,
Gene,eIF4E,3,,,,,,,,
Gene,PS1,3,,,,,,,,
Gene,KIAA1212,3,,,,,,,,
Gene,Mdm2,3,,,,,,,,
Gene,Kv1.2,3,,,,,,,,
Gene,Akap13,3,,,,,,,,
Gene,FLNC,3,,,,,,,,
Gene,Thorase,3,,,,,,,,
Gene,dipeptidase 3,3,,,,,,,,
Gene,Sema5B,3,,,,,,,,
Gene,KLHL12,3,,,,,,,,
Gene,M-CSF,3,,,,,,,,
Gene,Suv39h,3,,,,,,,,
Gene,BICD2,3,,,,,,,,
Gene,CENP-F,3,,,,,,,,
Gene,Vps34,3,,,,,,,,
Gene,thrombin,3,,,,,,,,
Gene,p62,3,,,,,,,,
Gene,c-Myc,3,,,,,,,,
Gene,PP2A,3,,,,,,,,
Gene,alpha1C,3,,,,,,,,
Gene,AKAP150,3,,,,,,,,
Gene,GluR1,3,,,,,,,,
Gene,ATG7,3,,,,,,,,
Gene,MBD2/3,3,,,,,,,,
Gene,JP2,3,,,,,,,,
Gene,FOXP3,3,,,,,,,,
Gene,Tbc1d21,3,,,,,,,,
Species,hamster,3,,,,,,,,
Species,C. elegans,3,,,,,,,,
Species,Aspergillus nidulans,3,,,,,,,,
Species,zebrafish,3,,,,,,,,
Chemical,Arg,3,,,,,,,,
Chemical,Calcium,3,,,,,,,,
Chemical,phorbol ester,3,,,,,,,,
Chemical,Tyrosine,3,,,,,,,,
Chemical,LPS,3,,,,,,,,
Chemical,6-mercaptopurine,3,,,,,,,,
Chemical,LTD4,3,,,,,,,,
Chemical,phosphoserine,3,,,,,,,,
Chemical,serotonin,3,,,,,,,,
Chemical,Thr,3,,,,,,,,
Chemical,titanium,3,,,,,,,,
Chemical,heme,3,,,,,,,,
Chemical,chloride,3,,,,,,,,
Chemical,juxtaparanodes,3,,,,,,,,
Chemical,I-BET151,3,,,,,,,,
Chemical,leucettines,3,,,,,,,,
Chromosome,chromosome 4,3,,,,,,,,
Disease,embryonal carcinoma,3,,,,,,,,
Disease,Lissencephaly,3,,,,,,,,
Disease,mental retardation,3,,,,,,,,
Disease,neurodegeneration,3,,,,,,,,
Disease,depression,3,,,,,,,,
Disease,brain malformation,3,,,,,,,,
Disease,FRDA,3,,,,,,,,
Disease,neuronal migration disorder,3,,,,,,,,
Disease,embryonic,3,,,,,,,,
Disease,behavioral deficits,3,,,,,,,,
Disease,hyperactivity,3,,,,,,,,
Disease,neurodegenerative diseases,3,,,,,,,,
Disease,Von Gierke\'s disease,3,,,,,,,,
Disease,colorectal cancer,3,,,,,,,,
Disease,heart failure,3,,,,,,,,
Disease,manic,3,,,,,,,,
Disease,OFD,3,,,,,,,,
Disease,autism spectrum disorder,3,,,,,,,,
Disease,male infertility,3,,,,,,,,
CellLine,SC-3,3,,,,,,,,
CellLine,CHO,3,,,,,,,,
CellLine,ECs,3,,,,,,,,
CellLine,HeLa,3,,,,,,,,
CellLine,HepG2,3,,,,,,,,
CellLine,B-cell,3,,,,,,,,
CellLine,RAW264.7,3,,,,,,,,
ProteinMutation,T402E,3,,,,,,,,
ProteinMutation,tyrosine residue 1106,3,,,,,,,,
DNAMutation,C273,3,,,,,,,,
DNAMutation,C288,3,,,,,,,,
Gene,hyk,2,,,,,,,,
Gene,mFR1,2,,,,,,,,
Gene,brain class C,2,,,,,,,,
Gene,growth hormone,2,,,,,,,,
Gene,CaCh 1,2,,,,,,,,
Gene,CaCh 3,2,,,,,,,,
Gene,protein tyrosine kinase,2,,,,,,,,
Gene,ErbB2,2,,,,,,,,
Gene,erbB2,2,,,,,,,,
Gene,MCM,2,,,,,,,,
Gene,hepatocyte growth factor,2,,,,,,,,
Gene,TFIID,2,,,,,,,,
Gene,fibroblast growth factor (FGF) receptor 1,2,,,,,,,,
Gene,LIS-1,2,,,,,,,,
Gene,bFGF,2,,,,,,,,
Gene,CA1,2,,,,,,,,
Gene,trithorax,2,,,,,,,,
Gene,Tie,2,,,,,,,,
Gene,TIE,2,,,,,,,,
Gene,Interferon-gamma,2,,,,,,,,
Gene,CHD-1,2,,,,,,,,
Gene,Adenylosuccinate lyase,2,,,,,,,,
Gene,glucocorticoid receptor-interacting protein 1,2,,,,,,,,
Gene,FGF 1,2,,,,,,,,
Gene,CKII,2,,,,,,,,
Gene,semF,2,,,,,,,,
Gene,serum response factor,2,,,,,,,,
Gene,NCoA-1,2,,,,,,,,
Gene,heparin-binding EGF-like growth factor,2,,,,,,,,
Gene,Bruton\'s tyrosine kinase,2,,,,,,,,
Gene,phosphatidyl inositol 3-kinase,2,,,,,,,,
Gene,NRG-1,2,,,,,,,,
Gene,Metaxin 1,2,,,,,,,,
Gene,Metaxin 2,2,,,,,,,,
Gene,cullin,2,,,,,,,,
Gene,VEGFR-2,2,,,,,,,,
Gene,FGF-10,2,,,,,,,,
Gene,p42/p44 MAP kinase,2,,,,,,,,
Gene,doublecortin,2,,,,,,,,
Gene,Cdk5/p35,2,,,,,,,,
Gene,NudE-L,2,,,,,,,,
Gene,p21,2,,,,,,,,
Gene,Bcl-2,2,,,,,,,,
Gene,ERK,2,,,,,,,,
Gene,p38,2,,,,,,,,
Gene,glutamate receptor interacting protein 1,2,,,,,,,,
Gene,steroid receptor coactivator,2,,,,,,,,
Gene,GRIP-1,2,,,,,,,,
Gene,Fibulin-5,2,,,,,,,,
Gene,DANCE,2,,,,,,,,
Gene,elastin,2,,,,,,,,
Gene,filamin-Avar-1,2,,,,,,,,
Gene,GTF2IRD1,2,,,,,,,,
Gene,Prop1,2,,,,,,,,
Gene,AP1,2,,,,,,,,
Gene,angiopoietin-2,2,,,,,,,,
Gene,NF-kappa B,2,,,,,,,,
Gene,Dok-1,2,,,,,,,,
Gene,PAFAH1B1,2,,,,,,,,
Gene,epidermal growth factor receptor,2,,,,,,,,
Gene,histone deacetylase,2,,,,,,,,
Gene,SAF-B,2,,,,,,,,
Gene,PAF acetylhydrolase,2,,,,,,,,
Gene,ERBB,2,,,,,,,,
Gene,Scar,2,,,,,,,,
Gene,CIPP,2,,,,,,,,
Gene,androgen receptor,2,,,,,,,,
Gene,beta1-adrenergic receptor,2,,,,,,,,
Gene,Arf1,2,,,,,,,,
Gene,FGFR,2,,,,,,,,
Gene,APH-1a,2,,,,,,,,
Gene,Abeta,2,,,,,,,,
Gene,Sema5a,2,,,,,,,,
Gene,SENP1,2,,,,,,,,
Gene,SuPr-2,2,,,,,,,,
Gene,NDE1,2,,,,,,,,
Gene,Cdk9,2,,,,,,,,
Gene,CTD,2,,,,,,,,
Gene,Cullin3,2,,,,,,,,
Gene,PCM-1,2,,,,,,,,
Gene,SSB-1,2,,,,,,,,
Gene,SSB-4,2,,,,,,,,
Gene,Neh2,2,,,,,,,,
Gene,SRF,2,,,,,,,,
Gene,Lrfn3,2,,,,,,,,
Gene,Lrfn5,2,,,,,,,,
Gene,prolactin,2,,,,,,,,
Gene,HB-EGF,2,,,,,,,,
Gene,BRCA1,2,,,,,,,,
Gene,c-myc,2,,,,,,,,
Gene,BetaKlotho,2,,,,,,,,
Gene,Becn1,2,,,,,,,,
Gene,BAF45a,2,,,,,,,,
Gene,Sox3,2,,,,,,,,
Gene,dual-specificity tyrosine phosphorylation-regulated kinase 1A,2,,,,,,,,
Gene,septin 4,2,,,,,,,,
Gene,NR2A,2,,,,,,,,
Gene,Fibrinogen,2,,,,,,,,
Gene,VWF,2,,,,,,,,
Gene,VE-cadherin,2,,,,,,,,
Gene,X-linked inhibitor of apoptosis protein,2,,,,,,,,
Gene,MPP4,2,,,,,,,,
Gene,AK3,2,,,,,,,,
Gene,GAA,2,,,,,,,,
Gene,Lipin-1,2,,,,,,,,
Gene,lipin-1,2,,,,,,,,
Gene,Tnik,2,,,,,,,,
Gene,Semaphorin 5A,2,,,,,,,,
Gene,Caspr2,2,,,,,,,,
Gene,glycogen synthase kinase 3beta,2,,,,,,,,
Gene,Dyrk1a,2,,,,,,,,
Gene,AKAP,2,,,,,,,,
Gene,Igfn1,2,,,,,,,,
Gene,PLK3,2,,,,,,,,
Gene,Akt1,2,,,,,,,,
Gene,GSK3beta,2,,,,,,,,
Gene,PDK1,2,,,,,,,,
Gene,histone methyltransferase,2,,,,,,,,
Gene,AKAP15,2,,,,,,,,
Gene,Nrg1,2,,,,,,,,
Gene,SET1,2,,,,,,,,
Gene,Shh,2,,,,,,,,
Gene,Vax,2,,,,,,,,
Gene,Vax2,2,,,,,,,,
Gene,CDK6,2,,,,,,,,
Gene,Serca2,2,,,,,,,,
Gene,RANKL,2,,,,,,,,
Gene,Asunder,2,,,,,,,,
Gene,asun,2,,,,,,,,
Gene,Wiskott-Aldrich syndrome protein,2,,,,,,,,
Gene,Cyclophilin A,2,,,,,,,,
Gene,helG,2,,,,,,,,
Gene,DHX30,2,,,,,,,,
Gene,SUMO2/3,2,,,,,,,,
Gene,AMPAR,2,,,,,,,,
Gene,FBXL3,2,,,,,,,,
Gene,Fbxl3,2,,,,,,,,
Gene,PAF1,2,,,,,,,,
Gene,ITGB3,2,,,,,,,,
Gene,Aha1,2,,,,,,,,
Gene,RBBP4/7,2,,,,,,,,
Gene,FOXO3,2,,,,,,,,
Gene,Rab39b,2,,,,,,,,
Gene,Atf2,2,,,,,,,,
Gene,TOMM20,2,,,,,,,,
Species,chicken,2,,,,,,,,
Species,Drosophila melanogaster,2,,,,,,,,
Species,participant,2,,,,,,,,
Species,Transgenic mice,2,,,,,,,,
Species,Listeria monocytogenes,2,,,,,,,,
Species,E. coli,2,,,,,,,,
Species,L. monocytogenes,2,,,,,,,,
Species,Human,2,,,,,,,,
Species,Mycobacterium avium,2,,,,,,,,
Chemical,Heparin,2,,,,,,,,
Chemical,dihydropyridine,2,,,,,,,,
Chemical,#NAME?,2,,,,,,,,
Chemical,proline,2,,,,,,,,
Chemical,Lys,2,,,,,,,,
Chemical,retinoic acid,2,,,,,,,,
Chemical,RA,2,,,,,,,,
Chemical,G418,2,,,,,,,,
Chemical,acetylcholine,2,,,,,,,,
Chemical,oligonucleotides,2,,,,,,,,
Chemical,fumarate,2,,,,,,,,
Chemical,histidine,2,,,,,,,,
Chemical,methyl-CpG,2,,,,,,,,
Chemical,"phosphatidylinositol 3,4,5,-trisphosphate",2,,,,,,,,
Chemical,nisoldipine,2,,,,,,,,
Chemical,methionine,2,,,,,,,,
Chemical,adenosine,2,,,,,,,,
Chemical,glutathione,2,,,,,,,,
Chemical,thiols,2,,,,,,,,
Chemical,cysteines,2,,,,,,,,
Chemical,leukotriene D4,2,,,,,,,,
Chemical,PE,2,,,,,,,,
Chemical,PI-4-P,2,,,,,,,,
Chemical,TSA,2,,,,,,,,
Chemical,Fe-S,2,,,,,,,,
Chemical,tyrosines,2,,,,,,,,
Chemical,Glucose,2,,,,,,,,
Chemical,histidines,2,,,,,,,,
Chemical,glutamate,2,,,,,,,,
Chemical,lysines,2,,,,,,,,
Chemical,NYAPs,2,,,,,,,,
Chemical,melatonin,2,,,,,,,,
Chemical,leucettamine B,2,,,,,,,,
Chemical,Lysine,2,,,,,,,,
Chemical,MZ B,2,,,,,,,,
Chemical,Leu33Pro,2,,,,,,,,
Chromosome,chromosome 16,2,,,,,,,,
Chromosome,chromosome 10q23.3,2,,,,,,,,
Chromosome,17p13.3,2,,,,,,,,
Disease,von Willebrand,2,,,,,,,,
Disease,oedema,2,,,,,,,,
Disease,embryonic heart,2,,,,,,,,
Disease,growth retardation,2,,,,,,,,
Disease,hematopoiesis,2,,,,,,,,
Disease,embryonic vascular system,2,,,,,,,,
Disease,CHD,2,,,,,,,,
Disease,Tuberous sclerosis,2,,,,,,,,
Disease,glioma,2,,,,,,,,
Disease,heart tube,2,,,,,,,,
Disease,neurological disorders,2,,,,,,,,
Disease,Williams-Beuren syndrome,2,,,,,,,,
Disease,WBS,2,,,,,,,,
Disease,embryonic vascular,2,,,,,,,,
Disease,embryonic cardiomyocytes,2,,,,,,,,
Disease,developmental brain abnormality,2,,,,,,,,
Disease,tumors,2,,,,,,,,
Disease,tuberculosis,2,,,,,,,,
Disease,insulitis,2,,,,,,,,
Disease,diabetic,2,,,,,,,,
Disease,Williams syndrome,2,,,,,,,,
Disease,heart defects,2,,,,,,,,
Disease,cystic fibrosis,2,,,,,,,,
Disease,developmental arrest,2,,,,,,,,
Disease,muscular dystrophy,2,,,,,,,,
Disease,craniofacial abnormalities,2,,,,,,,,
Disease,genetic diseases,2,,,,,,,,
Disease,recessive ataxia,2,,,,,,,,
Disease,hepatic glucose,2,,,,,,,,
Disease,thrombosis,2,,,,,,,,
Disease,fibrinogen-deficient,2,,,,,,,,
Disease,pluripotency of embryonic,2,,,,,,,,
Disease,neonatal cardiomyocytes,2,,,,,,,,
Disease,hypertension,2,,,,,,,,
Disease,autoimmune diseases,2,,,,,,,,
Disease,autoimmune disease,2,,,,,,,,
Disease,acute myeloid leukaemia,2,,,,,,,,
Disease,Cancer,2,,,,,,,,
Disease,arrest,2,,,,,,,,
Disease,mitotic stress,2,,,,,,,,
Disease,mitosis,2,,,,,,,,
Disease,Haploinsufficiency,2,,,,,,,,
Disease,Alzheimer\'s disease,2,,,,,,,,
Disease,neuropsychiatric disorders,2,,,,,,,,
Disease,memory recall,2,,,,,,,,
Disease,blindness,2,,,,,,,,
Disease,IOP,2,,,,,,,,
Disease,ASDs,2,,,,,,,,
Disease,anxiety,2,,,,,,,,
Disease,cardiac stress,2,,,,,,,,
Disease,lung adenocarcinoma,2,,,,,,,,
CellLine,FM3A,2,,,,,,,,
CellLine,BALB3T3,2,,,,,,,,
CellLine,Cos7,2,,,,,,,,
CellLine,T47D,2,,,,,,,,
ProteinMutation,I154F,2,,,,,,,,
ProteinMutation,S1928A,2,,,,,,,,
Gene,basic fibroblast growth factor,1,,,,,,,,
Gene,pmv-23,1,,,,,,,,
Gene,ret,1,,,,,,,,
Gene,beta\'-adaptin,1,,,,,,,,
Gene,CaCh 2 or 3,1,,,,,,,,
Gene,growth factor receptor,1,,,,,,,,
Gene,EGFR,1,,,,,,,,
Gene,erbB1,1,,,,,,,,
Gene,rapsyn,1,,,,,,,,
Gene,Cdc21,1,,,,,,,,
Gene,P1(MCM3,1,,,,,,,,
Gene,MCM5,1,,,,,,,,
Gene,cdc21,1,,,,,,,,
Gene,P1MCM3,1,,,,,,,,
Gene,transcription factor IID,1,,,,,,,,
Gene,HP1,1,,,,,,,,
Gene,Lis3,1,,,,,,,,
Gene,Lis4,1,,,,,,,,
Gene,Lissencephaly-1,1,,,,,,,,
Gene,platelet-activating factor (PAF) acetylhydrolase,1,,,,,,,,
Gene,fibroblast growth factor receptor-1,1,,,,,,,,
Gene,CA4,1,,,,,,,,
Gene,nerve growth factor (NGF) receptor,1,,,,,,,,
Gene,cdc2 kinase,1,,,,,,,,
Gene,Myocyte enhancer factor (MEF) 2C,1,,,,,,,,
Gene,argininosuccinate lyase,1,,,,,,,,
Gene,MITF-2A and -2B,1,,,,,,,,
Gene,casein kinase-II,1,,,,,,,,
Gene,SemF,1,,,,,,,,
Gene,SSTR1,1,,,,,,,,
Gene,YY-1,1,,,,,,,,
Gene,myocyte enhancer factor-2,1,,,,,,,,
Gene,MEF2D,1,,,,,,,,
Gene,MEF2A and D,1,,,,,,,,
Gene,auxilin,1,,,,,,,,
Gene,glucocorticoid receptor interacting protein 1,1,,,,,,,,
Gene,factor 2,1,,,,,,,,
Gene,steroid receptor coactivator 1,1,,,,,,,,
Gene,vitamin D receptor,1,,,,,,,,
Gene,retinoic acid receptor alpha,1,,,,,,,,
Gene,retinoid X receptor alpha,1,,,,,,,,
Gene,mineralocorticoid receptor,1,,,,,,,,
Gene,dHAND,1,,,,,,,,
Gene,CBP/,1,,,,,,,,
Gene,Human epidermal growth factor receptor 4,1,,,,,,,,
Gene,betacellulin,1,,,,,,,,
Gene,Wnt-1,1,,,,,,,,
Gene,mTcf-3 and -4,1,,,,,,,,
Gene,general transcription factor II-I,1,,,,,,,,
Gene,BAP-135,1,,,,,,,,
Gene,APC,1,,,,,,,,
Gene,Tcf,1,,,,,,,,
Gene,endonuclease III,1,,,,,,,,
Gene,Endonuclease III,1,,,,,,,,
Gene,mNthl1/mNth1) of endoIII,1,,,,,,,,
Gene,NTHL1,1,,,,,,,,
Gene,tuberous sclerosis 2,1,,,,,,,,
Gene,PCM1,1,,,,,,,,
Gene,VEGF,1,,,,,,,,
Gene,Flt-1,1,,,,,,,,
Gene,interleukin-4,1,,,,,,,,
Gene,Interleukin-4,1,,,,,,,,
Gene,E4BP4,1,,,,,,,,
Gene,glutaredoxin,1,,,,,,,,
Gene,beta-amyloid peptide,1,,,,,,,,
Gene,envelope protein,1,,,,,,,,
Gene,apolipoprotein E,1,,,,,,,,
Gene,p27(KIP1),1,,,,,,,,
Gene,CelF39B2.i,1,,,,,,,,
Gene,Coactivator-associated arginine methyltransferase 1,1,,,,,,,,
Gene,Cullin-3,1,,,,,,,,
Gene,SCF,1,,,,,,,,
Gene,alpha-lactalbumin,1,,,,,,,,
Gene,Shp2,1,,,,,,,,
Gene,vascular endothelial-protein-tyrosine phosphatase,1,,,,,,,,
Gene,receptor-tyrosine kinase,1,,,,,,,,
Gene,Vascular Endothelial Growth Factor receptor 2,1,,,,,,,,
Gene,Flk-1,1,,,,,,,,
Gene,FGFR1-4,1,,,,,,,,
Gene,FGFR1-3,1,,,,,,,,
Gene,FGFR2,1,,,,,,,,
Gene,FGFR3,1,,,,,,,,
Gene,FGF-1,1,,,,,,,,
Gene,"FGF-2, -10, and -7",1,,,,,,,,
Gene,FGF-7,1,,,,,,,,
Gene,Fibroblast growth factor (FGF)-2,1,,,,,,,,
Gene,p42,1,,,,,,,,
Gene,p44,1,,,,,,,,
Gene,fibroblast growth factor-2,1,,,,,,,,
Gene,cathepsin K,1,,,,,,,,
Gene,MMP-9,1,,,,,,,,
Gene,mitotic chromosome-associated protein,1,,,,,,,,
Gene,(Ca(v)1. 2,1,,,,,,,,
Gene,tuberous sclerosis 1,1,,,,,,,,
Gene,Sema4c,1,,,,,,,,
Gene,PSD-95/DLG/ZO-1,1,,,,,,,,
Gene,SAP97,1,,,,,,,,
Gene,DLG-1,1,,,,,,,,
Gene,"LIS1, a microtubule-associated protein",1,,,,,,,,
Gene,NUDE,1,,,,,,,,
Gene,Prostate Specific Membrane Antigen,1,,,,,,,,
Gene,FOLH1,1,,,,,,,,
Gene,Myogenin,1,,,,,,,,
Gene,Glutamate receptor interacting protein,1,,,,,,,,
Gene,GluRalpha3,1,,,,,,,,
Gene,FXR1P,1,,,,,,,,
Gene,FXR2P,1,,,,,,,,
Gene,FMR1,1,,,,,,,,
Gene,CYFIP2,1,,,,,,,,
Gene,FXR,1,,,,,,,,
Gene,EphrinB1,1,,,,,,,,
Gene,synapsin1,1,,,,,,,,
Gene,cofactors p300 and p300/CBP-associated factor,1,,,,,,,,
Gene,coactivator-associated arginine methyltransferase-1,1,,,,,,,,
Gene,PRMT1-5,1,,,,,,,,
Gene,protein-arginine N-methyltransferase-1-5,1,,,,,,,,
Gene,PRMT4,1,,,,,,,,
Gene,myocyte enhancer factor-2C,1,,,,,,,,
Gene,Idd4C,1,,,,,,,,
Gene,beta1D,1,,,,,,,,
Gene,filamin-A,1,,,,,,,,
Gene,filamin-C,1,,,,,,,,
Gene,beta1A,1,,,,,,,,
Gene,Cyln2,1,,,,,,,,
Gene,PROP1,1,,,,,,,,
Gene,frizzled2,1,,,,,,,,
Gene,Apc,1,,,,,,,,
Gene,Fzd2,1,,,,,,,,
Gene,Hepatocyte growth factor,1,,,,,,,,
Gene,JSAP1,1,,,,,,,,
Gene,JNK/SAPK-associated protein-1,1,,,,,,,,
Gene,Mapk8ip3,1,,,,,,,,
Gene,Inward rectifier K+ channel Kir2.3,1,,,,,,,,
Gene,chapsyn-110,1,,,,,,,,
Gene,fs(1)h,1,,,,,,,,
Gene,beta2,1,,,,,,,,
Gene,Gamma-adaptin,1,,,,,,,,
Gene,gamma and beta1,1,,,,,,,,
Gene,PDZ domain protein,1,,,,,,,,
Gene,Tumor necrosis factor alpha receptor,1,,,,,,,,
Gene,Tumor necrosis factor alpha,1,,,,,,,,
Gene,nuclear factor kappa B,1,,,,,,,,
Gene,FLICE-associated huge protein,1,,,,,,,,
Gene,Fas ligand,1,,,,,,,,
Gene,PPARgamma,1,,,,,,,,
Gene,a2,1,,,,,,,,
Gene,ICAP1-alpha,1,,,,,,,,
Gene,Numb,1,,,,,,,,
Gene,EPS8,1,,,,,,,,
Gene,beta 7 and beta 3,1,,,,,,,,
Gene,angiopoietin-1,1,,,,,,,,
Gene,downstream-of-kinase-related,1,,,,,,,,
Gene,NR4A3,1,,,,,,,,
Gene,Nurr1,1,,,,,,,,
Gene,Nur77,1,,,,,,,,
Gene,hRORbeta,1,,,,,,,,
Gene,membrane-bound dipeptidase-2,1,,,,,,,,
Gene,membrane-bound dipeptidase-3,1,,,,,,,,
Gene,membrane-bound dipeptidase-1,1,,,,,,,,
Gene,YWHAE,1,,,,,,,,
Gene,Ywhae,1,,,,,,,,
Gene,CDK5/p35,1,,,,,,,,
Gene,CDK5,1,,,,,,,,
Gene,PAK,1,,,,,,,,
Gene,NudEL,1,,,,,,,,
Gene,HDAC,1,,,,,,,,
Gene,Srp20,1,,,,,,,,
Gene,pafah1b1,1,,,,,,,,
Gene,NPT2B,1,,,,,,,,
Gene,ErbB,1,,,,,,,,
Gene,"heparin-binding EGF, betacellulin and epiregulin",1,,,,,,,,
Gene,p160ROCK,1,,,,,,,,
Gene,RELN,1,,,,,,,,
Gene,Lrp8,1,,,,,,,,
Gene,Rho-kinase,1,,,,,,,,
Gene,herpesvirus-associated ubiquitin-specific protease,1,,,,,,,,
Gene,AP-4,1,,,,,,,,
Gene,keap1,1,,,,,,,,
Gene,nrf2,1,,,,,,,,
Gene,specifically Rac1-associated protein-1,1,,,,,,,,
Gene,Nck-associated protein 1,1,,,,,,,,
Gene,e3B1,1,,,,,,,,
Gene,Veli-3,1,,,,,,,,
Gene,CASK,1,,,,,,,,
Gene,Mint1,1,,,,,,,,
Gene,SAP102,1,,,,,,,,
Gene,MPP-3,1,,,,,,,,
Gene,5-HT(2) receptor,1,,,,,,,,
Gene,Nuclear distribution gene E-like product,1,,,,,,,,
Gene,androgen receptor-interacting protein 4,1,,,,,,,,
Gene,Cullin 3,1,,,,,,,,
Gene,Roc1,1,,,,,,,,
Gene,angiopoietin-3,1,,,,,,,,
Gene,angiopoietin-4,1,,,,,,,,
Gene,Ang2,1,,,,,,,,
Gene,met,1,,,,,,,,
Gene,Gab1/phosphatidylinositol 3-kinase,1,,,,,,,,
Gene,Gab1,1,,,,,,,,
Gene,myocyte enhancer factor 2C,1,,,,,,,,
Gene,p38 mitogen-activated protein kinase,1,,,,,,,,
Gene,PIST,1,,,,,,,,
Gene,GOPC,1,,,,,,,,
Gene,Axin2,1,,,,,,,,
Gene,beta1,1,,,,,,,,
Gene,Filamin C,1,,,,,,,,
Gene,NRG3,1,,,,,,,,
Gene,hGFAP,1,,,,,,,,
Gene,platelet activating factor acetylhydrolase,1,,,,,,,,
Gene,Aph-1,1,,,,,,,,
Gene,Aph-1b,1,,,,,,,,
Gene,Aph-1c,1,,,,,,,,
Gene,APH-1b,1,,,,,,,,
Gene,APH-1c,1,,,,,,,,
Gene,Notch1,1,,,,,,,,
Gene,semaphorin 5A,1,,,,,,,,
Gene,Retinoic acid induced 1,1,,,,,,,,
Gene,myocyte enhancer factor 2,1,,,,,,,,
Gene,"MEF2A, -C, and -D",1,,,,,,,,
Gene,Ulp1,1,,,,,,,,
Gene,Smt4,1,,,,,,,,
Gene,Ulp2,1,,,,,,,,
Gene,beta-COP,1,,,,,,,,
Gene,cyclinT1,1,,,,,,,,
Gene,Phospholipase Cdelta4,1,,,,,,,,
Gene,phospholipase C (PLC) delta4,1,,,,,,,,
Gene,glutamate receptor-interacting protein1,1,,,,,,,,
Gene,ARA-55,1,,,,,,,,
Gene,androgen receptor activator of 55 kDa,1,,,,,,,,
Gene,pericentriolar material (PCM)-1,1,,,,,,,,
Gene,CLIP170,1,,,,,,,,
Gene,SSB-3,1,,,,,,,,
Gene,prostate apoptosis response protein-4,1,,,,,,,,
Gene,hepatocyte growth factor receptor,1,,,,,,,,
Gene,pyrin,1,,,,,,,,
Gene,tau,1,,,,,,,,
Gene,Rheb,1,,,,,,,,
Gene,p70S6K,1,,,,,,,,
Gene,EB1,1,,,,,,,,
Gene,SNF1,1,,,,,,,,
Gene,ARID3a,1,,,,,,,,
Gene,Dril1,1,,,,,,,,
Gene,ETO2,1,,,,,,,,
Gene,Myocardin,1,,,,,,,,
Gene,Prolactin,1,,,,,,,,
Gene,Cyt-1,1,,,,,,,,
Gene,NLRR-1,1,,,,,,,,
Gene,vinculin,1,,,,,,,,
Gene,FLRT1,1,,,,,,,,
Gene,FLRT2,1,,,,,,,,
Gene,IGF2,1,,,,,,,,
Gene,FGFR1(IIIc),1,,,,,,,,
Gene,bromodomain containing protein 4,1,,,,,,,,
Gene,very low-density lipoprotein receptor,1,,,,,,,,
Gene,apolipoprotein E receptor 2,1,,,,,,,,
Gene,Disabled-1,1,,,,,,,,
Gene,Pafah1b2,1,,,,,,,,
Gene,Pafah1b3,1,,,,,,,,
Gene,Apoer2,1,,,,,,,,
Gene,Vldlr,1,,,,,,,,
Gene,fibroblast growth factor 21,1,,,,,,,,
Gene,Fibroblast growth factor 21,1,,,,,,,,
Gene,ATM (ataxia telangiectasia mutated,1,,,,,,,,
Gene,Fe-S proteins (xanthine oxido-reductase,1,,,,,,,,
Gene,Nth1,1,,,,,,,,
Gene,IscU,1,,,,,,,,
Gene,scaffold attachment factor-B1,1,,,,,,,,
Gene,scaffold attachment factor B,1,,,,,,,,
Gene,HET,1,,,,,,,,
Gene,TATA-box-binding protein,1,,,,,,,,
Gene,beta-galactosidase,1,,,,,,,,
Gene,cytochrome c,1,,,,,,,,
Gene,BAF53a,1,,,,,,,,
Gene,SWI2,1,,,,,,,,
Gene,BAF45b,1,,,,,,,,
Gene,BAF45c,1,,,,,,,,
Gene,BAF53b,1,,,,,,,,
Gene,FgfR1,1,,,,,,,,
Gene,Sox2,1,,,,,,,,
Gene,SOX2,1,,,,,,,,
Gene,muscle-specific,1,,,,,,,,
Gene,E2-2,1,,,,,,,,
Gene,cyclin D2,1,,,,,,,,
Gene,Bcl-x,1,,,,,,,,
Gene,GluR2,1,,,,,,,,
Gene,Rap1,1,,,,,,,,
Gene,Ca(2+)-binding protein 5,1,,,,,,,,
Gene,betaPIX,1,,,,,,,,
Gene,GIT1,1,,,,,,,,
Gene,ARF6,1,,,,,,,,
Gene,Sra1,1,,,,,,,,
Gene,Brain cytoplasmic RNA 1,1,,,,,,,,
Gene,Pnutl2,1,,,,,,,,
Gene,4-Sep,1,,,,,,,,
Gene,CD8,1,,,,,,,,
Gene,Chd8,1,,,,,,,,
Gene,Scl/Tal1,1,,,,,,,,
Gene,myocyte enhancer factor 2 C,1,,,,,,,,
Gene,N-methyl-D-aspartate receptor,1,,,,,,,,
Gene,neuropilin tolloid-like 1,1,,,,,,,,
Gene,C1r,1,,,,,,,,
Gene,NR2B,1,,,,,,,,
Gene,von Willebrand factor,1,,,,,,,,
Gene,amyloid-beta precursor protein,1,,,,,,,,
Gene,PS2,1,,,,,,,,
Gene,anterior pharynx defective-1,1,,,,,,,,
Gene,PEN2,1,,,,,,,,
Gene,Vascular endothelial protein tyrosine phosphatase,1,,,,,,,,
Gene,Erk1/2,1,,,,,,,,
Gene,VELI3,1,,,,,,,,
Gene,adenylate kinase 4,1,,,,,,,,
Gene,STAT5a,1,,,,,,,,
Gene,E-cadherin,1,,,,,,,,
Gene,hFXN,1,,,,,,,,
Gene,)) frataxin,1,,,,,,,,
Gene,hFXN(,1,,,,,,,,
Gene,Neuregulin1,1,,,,,,,,
Gene,neuregulin1,1,,,,,,,,
Gene,phosphatidic acid phosphohydrolase,1,,,,,,,,
Gene,PAP,1,,,,,,,,
Gene,lipin-2,1,,,,,,,,
Gene,lipin-3,1,,,,,,,,
Gene,Disrupted-in-schizophrenia 1,1,,,,,,,,
Gene,muscle creatine kinase,1,,,,,,,,
Gene,MCK,1,,,,,,,,
Gene,Nfs1,1,,,,,,,,
Gene,uroporphyrinogen III synthase,1,,,,,,,,
Gene,ferrochelatase,1,,,,,,,,
Gene,transferrin,1,,,,,,,,
Gene,ferroportin1,1,,,,,,,,
Gene,Sec15l1,1,,,,,,,,
Gene,mitoferrin-2,1,,,,,,,,
Gene,Mfrn2,1,,,,,,,,
Gene,Tcf4,1,,,,,,,,
Gene,cyclin T1,1,,,,,,,,
Gene,Brd2,1,,,,,,,,
Gene,SEMA5A,1,,,,,,,,
Gene,matrix metalloproteinase 9,1,,,,,,,,
Gene,ROCK2,1,,,,,,,,
Gene,ROCK,1,,,,,,,,
Gene,a disintegrin and metalloproteinase 22,1,,,,,,,,
Gene,Caspr,1,,,,,,,,
Gene,BRX,1,,,,,,,,
Gene,Brx-1,1,,,,,,,,
Gene,AKAP-Lbc,1,,,,,,,,
Gene,proto-Lbc,1,,,,,,,,
Gene,Galpha(12),1,,,,,,,,
Gene,dual specificity tyrosine phosphorylation-regulated kinase 1A,1,,,,,,,,
Gene,post-synaptic density protein-95,1,,,,,,,,
Gene,CA3,1,,,,,,,,
Gene,Cib1,1,,,,,,,,
Gene,Ppp3cb,1,,,,,,,,
Gene,phosphatase and tensin homolog,1,,,,,,,,
Gene,"Growth factor receptor bound (Grb) proteins 7, 10 and 14",1,,,,,,,,
Gene,cartilage oligomeric matrix protein,1,,,,,,,,
Gene,Grb10,1,,,,,,,,
Gene,CLOCK-BMAL1,1,,,,,,,,
Gene,A-kinase anchoring protein-15,1,,,,,,,,
Gene,ubiquitin specific peptidase 7,1,,,,,,,,
Gene,Neuregulin-1,1,,,,,,,,
Gene,CD4,1,,,,,,,,
Gene,interleukin-17A,1,,,,,,,,
Gene,TEX101,1,,,,,,,,
Gene,phosphatidylinositol 3-kinase,1,,,,,,,,
Gene,bromodomain-containing 4,1,,,,,,,,
Gene,PlexinA1,1,,,,,,,,
Gene,PlexinA3,1,,,,,,,,
Gene,Sonic hedgehog,1,,,,,,,,
Gene,phosphoinositide 3-kinase,1,,,,,,,,
Gene,NYAP1,1,,,,,,,,
Gene,NYAP2,1,,,,,,,,
Gene,NYAP3,1,,,,,,,,
Gene,Contactin5,1,,,,,,,,
Gene,Fyn,1,,,,,,,,
Gene,BCL2,1,,,,,,,,
Gene,C-MYC,1,,,,,,,,
Gene,BRD3/4,1,,,,,,,,
Gene,AF9,1,,,,,,,,
Gene,AF4,1,,,,,,,,
Gene,SERCA,1,,,,,,,,
Gene,receptor activator of nuclear factor kappa-B ligand,1,,,,,,,,
Gene,macrophage colony-stimulating factor,1,,,,,,,,
Gene,tartrate-resistant acid phosphatase,1,,,,,,,,
Gene,TRAP,1,,,,,,,,
Gene,c-Fos,1,,,,,,,,
Gene,c-Fms,1,,,,,,,,
Gene,c-jun-N-terminal kinases,1,,,,,,,,
Gene,JNK2,1,,,,,,,,
Gene,PER2,1,,,,,,,,
Gene,PER3,1,,,,,,,,
Gene,DYRK2,1,,,,,,,,
Gene,CLK3,1,,,,,,,,
Gene,PIM1,1,,,,,,,,
Gene,SLK,1,,,,,,,,
Gene,Vac14,1,,,,,,,,
Gene,RanBP2-Bicaudal D2,1,,,,,,,,
Gene,Nup133,1,,,,,,,,
Gene,centromere protein F,1,,,,,,,,
Gene,asunder,1,,,,,,,,
Gene,lissencephaly 1,1,,,,,,,,
Gene,Junctional Rab13-binding protein,1,,,,,,,,
Gene,Rab13,1,,,,,,,,
Gene,junctional Rab13-binding protein,1,,,,,,,,
Gene,MICAL-L2,1,,,,,,,,
Gene,JRABDeltaCT,1,,,,,,,,
Gene,ASB2,1,,,,,,,,
Gene,steroid receptor coactivator 2,1,,,,,,,,
Gene,PIK3C3,1,,,,,,,,
Gene,DDB1,1,,,,,,,,
Gene,CUL4A,1,,,,,,,,
Gene,SQSTM1,1,,,,,,,,
Gene,PINK1,1,,,,,,,,
Gene,proto-oncogene c-Myc,1,,,,,,,,
Gene,Plk1,1,,,,,,,,
Gene,ZNF451,1,,,,,,,,
Gene,SUMO2,1,,,,,,,,
Gene,SUMO3,1,,,,,,,,
Gene,MET(Delta14,1,,,,,,,,
Gene,GluA1,1,,,,,,,,
Gene,GluA2,1,,,,,,,,
Gene,FBXL21,1,,,,,,,,
Gene,Fbxl21,1,,,,,,,,
Gene,TAR DNA binding protein 43,1,,,,,,,,
Gene,endophilin A1,1,,,,,,,,
Gene,brain-derived neurotrophic factor,1,,,,,,,,
Gene,tropomyosin-related kinase B,1,,,,,,,,
Gene,N-WASP,1,,,,,,,,
Gene,NF-E2-related-factor 2,1,,,,,,,,
Gene,Kelch-like-ECH-associated-protein 1,1,,,,,,,,
Gene,cullin-3,1,,,,,,,,
Gene,C17orf96,1,,,,,,,,
Gene,SET domain-containing 5,1,,,,,,,,
Gene,Set3p,1,,,,,,,,
Gene,UpSET,1,,,,,,,,
Gene,A-kinase anchoring protein 150,1,,,,,,,,
Gene,Lrit3,1,,,,,,,,
Gene,TRPM1,1,,,,,,,,
Gene,transient receptor potential melastatin 1,1,,,,,,,,
Gene,mGluR6,1,,,,,,,,
Gene,GluR5,1,,,,,,,,
Gene,IFITM3,1,,,,,,,,
Gene,Integrin beta3,1,,,,,,,,
Gene,5-HT transporter,1,,,,,,,,
Gene,PlA2,1,,,,,,,,
Gene,Itgb3,1,,,,,,,,
Gene,focal adhesion kinase,1,,,,,,,,
Gene,integrin alphavbeta3,1,,,,,,,,
Gene,TSC,1,,,,,,,,
Gene,heat-shock protein 90,1,,,,,,,,
Gene,CKAMP59,1,,,,,,,,
Gene,G-Protein Pathway Suppressor 2,1,,,,,,,,
Gene,Ubc13,1,,,,,,,,
Gene,HDAC2,1,,,,,,,,
Gene,PWWP2B,1,,,,,,,,
Gene,HDAC1/2,1,,,,,,,,
Gene,p66alpha,1,,,,,,,,
Gene,CHD3/4,1,,,,,,,,
Gene,HDAC1,1,,,,,,,,
Gene,junctophilin-2,1,,,,,,,,
Gene,Junctophilin-2,1,,,,,,,,
Gene,Hdac3,1,,,,,,,,
Gene,Paf1,1,,,,,,,,
Gene,HMT,1,,,,,,,,
Gene,glutamate receptor 1,1,,,,,,,,
Gene,SMCR8,1,,,,,,,,
Gene,WDR41,1,,,,,,,,
Gene,Rab3a,1,,,,,,,,
Gene,Rab11,1,,,,,,,,
Gene,Smcr8,1,,,,,,,,
Gene,Akap8,1,,,,,,,,
Gene,Brg1,1,,,,,,,,
Gene,Angpt1,1,,,,,,,,
Gene,Tgfb2,1,,,,,,,,
Gene,Tgfb3,1,,,,,,,,
Gene,Itga8,1,,,,,,,,
Gene,Itgb7,1,,,,,,,,
Gene,cyclin,1,,,,,,,,
Gene,CHK1,1,,,,,,,,
Gene,CDK4,1,,,,,,,,
Gene,CDK2,1,,,,,,,,
Gene,cyclin-dependent kinases 4 and 6,1,,,,,,,,
Species,human cytomegalovirus,1,,,,,,,,
Species,chick,1,,,,,,,,
Species,simian virus 40,1,,,,,,,,
Species,vaccinia virus,1,,,,,,,,
Species,Schizosaccharomyces pombe,1,,,,,,,,
Species,D. melanogaster,1,,,,,,,,
Species,S. cerevisiae,1,,,,,,,,
Species,mouse mammary tumor virus,1,,,,,,,,
Species,human immunodeficiency virus,1,,,,,,,,
Species,A. nidulans,1,,,,,,,,
Species,Mycobacterium tuberculosis,1,,,,,,,,
Species,E.coli,1,,,,,,,,
Species,S.cerevisiae,1,,,,,,,,
Species,Patients,1,,,,,,,,
Species,mammal,1,,,,,,,,
Species,Humans,1,,,,,,,,
Species,persons,1,,,,,,,,
Species,CoCoA,1,,,,,,,,
Species,Yeast,1,,,,,,,,
Species,Caenorhabditis elegans,1,,,,,,,,
Species,gatekeeper,1,,,,,,,,
Species,Mus musculus,1,,,,,,,,
Species,M. avium,1,,,,,,,,
Species,men,1,,,,,,,,
Chemical,sugar,1,,,,,,,,
Chemical,oligonucleotide,1,,,,,,,,
Chemical,Bay K8644,1,,,,,,,,
Chemical,glycine,1,,,,,,,,
Chemical,glycosaminoglycan,1,,,,,,,,
Chemical,Ser-Gly-Gly-Gly,1,,,,,,,,
Chemical,NaCl,1,,,,,,,,
Chemical,EDTA,1,,,,,,,,
Chemical,nt,1,,,,,,,,
Chemical,succinylaminoimidazole carboxamide ribotide,1,,,,,,,,
Chemical,aminoimidazole carboxamide ribotide,1,,,,,,,,
Chemical,adenylosuccinate,1,,,,,,,,
Chemical,adenylate,1,,,,,,,,
Chemical,purine nucleotide,1,,,,,,,,
Chemical,AMP,1,,,,,,,,
Chemical,E12,1,,,,,,,,
Chemical,chloramphenicol,1,,,,,,,,
Chemical,32P,1,,,,,,,,
Chemical,GABA,1,,,,,,,,
Chemical,retinoid,1,,,,,,,,
Chemical,vitamin D,1,,,,,,,,
Chemical,23-amino acid,1,,,,,,,,
Chemical,13-amino acid,1,,,,,,,,
Chemical,phospholipid,1,,,,,,,,
Chemical,phosphatidylinositol 3-phosphate,1,,,,,,,,
Chemical,"phosphatidylinositol 3, 4-bisphosphate",1,,,,,,,,
Chemical,pyrimidine,1,,,,,,,,
Chemical,hexahistidine,1,,,,,,,,
Chemical,thymine glycol,1,,,,,,,,
Chemical,urea,1,,,,,,,,
Chemical,retinoid acid,1,,,,,,,,
Chemical,lipopolysaccharide,1,,,,,,,,
Chemical,NMDA,1,,,,,,,,
Chemical,tetrodotoxin,1,,,,,,,,
Chemical,N-methyl-D-aspartate,1,,,,,,,,
Chemical,TC,1,,,,,,,,
Chemical,"phosphatidylinositol 3,4, 5,-trisphosphate",1,,,,,,,,
Chemical,Ni2+,1,,,,,,,,
Chemical,S-adenosylmethionine,1,,,,,,,,
Chemical,phenylalanine,1,,,,,,,,
Chemical,PD-98059,1,,,,,,,,
Chemical,Ba,1,,,,,,,,
Chemical,Bay K 8644,1,,,,,,,,
Chemical,Triton X-100,1,,,,,,,,
Chemical,Glutathione,1,,,,,,,,
Chemical,CtBP,1,,,,,,,,
Chemical,tetracycline,1,,,,,,,,
Chemical,tet,1,,,,,,,,
Chemical,Fe,1,,,,,,,,
Chemical,PD98059,1,,,,,,,,
Chemical,LY294002,1,,,,,,,,
Chemical,COOH,1,,,,,,,,
Chemical,methyl methanesulfonate,1,,,,,,,,
Chemical,polyphosphatidylinositol,1,,,,,,,,
Chemical,inositolhexakisphosphate,1,,,,,,,,
Chemical,polyphosphatidylinositide,1,,,,,,,,
Chemical,sulforaphane,1,,,,,,,,
Chemical,bis(2-hydroxybenzylidene)acetone,1,,,,,,,,
Chemical,dipyridyl disulfides,1,,,,,,,,
Chemical,thiopyridone,1,,,,,,,,
Chemical,cysteine thiols,1,,,,,,,,
Chemical,dexamethasone,1,,,,,,,,
Chemical,BTB,1,,,,,,,,
Chemical,Dab,1,,,,,,,,
Chemical,glycosylphosphatidyl,1,,,,,,,,
Chemical,inositol,1,,,,,,,,
Chemical,bromodomain,1,,,,,,,,
Chemical,acetyllysines,1,,,,,,,,
Chemical,1-O-alkyl-2-acetyl-sn-glycero-3-phosphocholine,1,,,,,,,,
Chemical,lipid,1,,,,,,,,
Chemical,PAF,1,,,,,,,,
Chemical,tryptophan,1,,,,,,,,
Chemical,aspartate,1,,,,,,,,
Chemical,Tamoxifen,1,,,,,,,,
Chemical,Phenylephrine,1,,,,,,,,
Chemical,Y-27632,1,,,,,,,,
Chemical,methyl-CpGs,1,,,,,,,,
Chemical,lysophosphatidic acid,1,,,,,,,,
Chemical,Cys,1,,,,,,,,
Chemical,His,1,,,,,,,,
Chemical,Asp,1,,,,,,,,
Chemical,oxygen,1,,,,,,,,
Chemical,aluminium fluoride,1,,,,,,,,
Chemical,5-hydroxytryptamine,1,,,,,,,,
Chemical,C,1,,,,,,,,
Chemical,valine,1,,,,,,,,
Chemical,Tcf,1,,,,,,,,
Chemical,phosphoinositide,1,,,,,,,,
Chemical,phospholipids,1,,,,,,,,
Chemical,X-gal,1,,,,,,,,
Chemical,Steroid,1,,,,,,,,
Chemical,hydrogen peroxide,1,,,,,,,,
Chemical,GTP,1,,,,,,,,
Chemical,Leucine,1,,,,,,,,
Chemical,Val,1,,,,,,,,
Chemical,16-amino acid,1,,,,,,,,
Chemical,trichostatin A,1,,,,,,,,
Chemical,uridine,1,,,,,,,,
Chemical,titanium ion,1,,,,,,,,
Chemical,polymer,1,,,,,,,,
Chemical,DHPG,1,,,,,,,,
Chemical,harmine,1,,,,,,,,
Chemical,dileucine,1,,,,,,,,
Chemical,ampakine,1,,,,,,,,
Chemical,CX546,1,,,,,,,,
Chemical,glycan,1,,,,,,,,
Chemical,TM3,1,,,,,,,,
Chemical,halide,1,,,,,,,,
Chemical,guanosine triphosphate,1,,,,,,,,
Chemical,doxycycline,1,,,,,,,,
Chemical,lipin,1,,,,,,,,
Chemical,asparagine,1,,,,,,,,
Chemical,guanine nucleotide,1,,,,,,,,
Chemical,DHHC,1,,,,,,,,
Chemical,fatty acids,1,,,,,,,,
Chemical,leptotene,1,,,,,,,,
Chemical,zygotene,1,,,,,,,,
Chemical,propionylated,1,,,,,,,,
Chemical,LiCl,1,,,,,,,,
Chemical,MG132,1,,,,,,,,
Chemical,forskolin,1,,,,,,,,
Chemical,ES,1,,,,,,,,
Chemical,SDS,1,,,,,,,,
Chemical,dnTcf7l2,1,,,,,,,,
Chemical,tYrosine,1,,,,,,,,
Chemical,PIP,1,,,,,,,,
Chemical,acetyl-lysine,1,,,,,,,,
Chemical,leucettine,1,,,,,,,,
Chemical,succinylome,1,,,,,,,,
Chemical,tricarboxylic acid,1,,,,,,,,
Chemical,fatty acid,1,,,,,,,,
Chemical,Arginine,1,,,,,,,,
Chemical,monomethyl arginine,1,,,,,,,,
Chemical,dimethyl arginine,1,,,,,,,,
Chemical,trimethyl lysine,1,,,,,,,,
Chemical,valproate,1,,,,,,,,
Chemical,lithium,1,,,,,,,,
Chemical,reactive oxygen species,1,,,,,,,,
Chemical,FeCl3,1,,,,,,,,
Chemical,polynucleotides,1,,,,,,,,
Chemical,cAMP,1,,,,,,,,
Chemical,isoproterenol,1,,,,,,,,
Chemical,ATP,1,,,,,,,,
Chemical,diethylmaleate,1,,,,,,,,
Chemical,Serotonin,1,,,,,,,,
Chemical,hexanucleotide,1,,,,,,,,
Chemical,guanine,1,,,,,,,,
Chromosome,chromosome 6,1,,,,,,,,
Chromosome,chromosome 11q23,1,,,,,,,,
Chromosome,chromosome 9,1,,,,,,,,
Chromosome,16p13.3,1,,,,,,,,
Chromosome,chromosome 21,1,,,,,,,,
Chromosome,21q22,1,,,,,,,,
Chromosome,chromosome 10,1,,,,,,,,
Chromosome,chromosome 10q23,1,,,,,,,,
Chromosome,7q11.23,1,,,,,,,,
Chromosome,chromosome 17,1,,,,,,,,
Chromosome,chromosome 7q11.23,1,,,,,,,,
Chromosome,17p11.2,1,,,,,,,,
Chromosome,22q13,1,,,,,,,,
Disease,embryonic neuroepithelium gives rise,1,,,,,,,,
Disease,pits,1,,,,,,,,
Disease,neuroendocrine,1,,,,,,,,
Disease,cardiac muscle differentiation,1,,,,,,,,
Disease,haemorrhage,1,,,,,,,,
Disease,Miller-Dieker lissencephaly syndrome,1,,,,,,,,
Disease,developmental brain malformation,1,,,,,,,,
Disease,genetic disease,1,,,,,,,,
Disease,erythroleukemia,1,,,,,,,,
Disease,lissencephaly-1 (LIS-1) protein,1,,,,,,,,
Disease,embryonic vasculature,1,,,,,,,,
Disease,embryonic growth,1,,,,,,,,
Disease,teratomas,1,,,,,,,,
Disease,leukemias,1,,,,,,,,
Disease,cytotoxicity,1,,,,,,,,
Disease,semD,1,,,,,,,,
Disease,glioblastoma,1,,,,,,,,
Disease,breast carcinoma,1,,,,,,,,
Disease,cardiac myogenesis,1,,,,,,,,
Disease,mitochondrial dysfunction,1,,,,,,,,
Disease,mitochondrial disease,1,,,,,,,,
Disease,lissencephaly-1,1,,,,,,,,
Disease,colon carcinoma,1,,,,,,,,
Disease,APC-deficient,1,,,,,,,,
Disease,vascular abnormalities,1,,,,,,,,
Disease,toxicity,1,,,,,,,,
Disease,Alzheimer\'s disease neurotoxin,1,,,,,,,,
Disease,excitotoxicity,1,,,,,,,,
Disease,memory deficits,1,,,,,,,,
Disease,E-deficiency,1,,,,,,,,
Disease,PTEN deficiency,1,,,,,,,,
Disease,inherited vascular malformations,1,,,,,,,,
Disease,tuberous sclerosis 2 tumour,1,,,,,,,,
Disease,cranial ganglia,1,,,,,,,,
Disease,osteoclastic bone,1,,,,,,,,
Disease,brain abnormalities,1,,,,,,,,
Disease,chemorepulsive,1,,,,,,,,
Disease,prostate cancer,1,,,,,,,,
Disease,neuronal migration disorders,1,,,,,,,,
Disease,isolated lissencephaly,1,,,,,,,,
Disease,cardiovascular defects,1,,,,,,,,
Disease,hamartomas,1,,,,,,,,
Disease,extra-renal tumors,1,,,,,,,,
Disease,hepatic hemangiomas,1,,,,,,,,
Disease,renal tumors,1,,,,,,,,
Disease,Fragile X Syndrome,1,,,,,,,,
Disease,Inflammation,1,,,,,,,,
Disease,pneumonia,1,,,,,,,,
Disease,initiation of insulitis,1,,,,,,,,
Disease,insulitis and type 1 diabetes,1,,,,,,,,
Disease,emphysema,1,,,,,,,,
Disease,autosomal recessive degenerative disease,1,,,,,,,,
Disease,haploinsufficiency conditions,1,,,,,,,,
Disease,embryonic pituitary,1,,,,,,,,
Disease,embryonic pituitary gland primordia,1,,,,,,,,
Disease,postnatal growth defects,1,,,,,,,,
Disease,head malformations,1,,,,,,,,
Disease,cataracts,1,,,,,,,,
Disease,carcinogenic,1,,,,,,,,
Disease,chondrosarcomas,1,,,,,,,,
Disease,asthma,1,,,,,,,,
Disease,neuronal migration disorders isolated lissencephaly,1,,,,,,,,
Disease,embryonic cerebellum,1,,,,,,,,
Disease,deficient cerebellar granule neurons migrated,1,,,,,,,,
Disease,WD,1,,,,,,,,
Disease,lactational failure,1,,,,,,,,
Disease,impaired neuronal migration,1,,,,,,,,
Disease,motility defect,1,,,,,,,,
Disease,ataxia,1,,,,,,,,
Disease,hydrocephalus,1,,,,,,,,
Disease,hepatocellular carcinomas,1,,,,,,,,
Disease,encephalomyocarditis,1,,,,,,,,
Disease,degenerative diseases,1,,,,,,,,
Disease,migration defect,1,,,,,,,,
Disease,migration defects,1,,,,,,,,
Disease,cofactor,1,,,,,,,,
Disease,developmental syndrome,1,,,,,,,,
Disease,corneal,1,,,,,,,,
Disease,immunoglobulin A nephropathy,1,,,,,,,,
Disease,embryonic death,1,,,,,,,,
Disease,developmental defect,1,,,,,,,,
Disease,coated pits,1,,,,,,,,
Disease,neuromuscular dystrophy,1,,,,,,,,
Disease,skeletal muscle disease,1,,,,,,,,
Disease,KY deficiency,1,,,,,,,,
Disease,limb-girdle muscular dystrophies,1,,,,,,,,
Disease,multiple congenital anomalies,1,,,,,,,,
Disease,Obesity,1,,,,,,,,
Disease,craniofacial anomalies,1,,,,,,,,
Disease,malformations,1,,,,,,,,
Disease,neuronal migration defect lissencephaly,1,,,,,,,,
Disease,zona pellucida-induced acrosome reaction,1,,,,,,,,
Disease,defects impair neuronal migration,1,,,,,,,,
Disease,brain malformation lissencephaly,1,,,,,,,,
Disease,Mediterranean fever,1,,,,,,,,
Disease,Opitz syndrome,1,,,,,,,,
Disease,ARID,1,,,,,,,,
Disease,cancerous,1,,,,,,,,
Disease,KD,1,,,,,,,,
Disease,muscular dystrophies,1,,,,,,,,
Disease,respiratory failure,1,,,,,,,,
Disease,functional deficiency,1,,,,,,,,
Disease,Friedreich ataxia,1,,,,,,,,
Disease,MCF-7 breast-cancer,1,,,,,,,,
Disease,PHD,1,,,,,,,,
Disease,craniofacial defects,1,,,,,,,,
Disease,Rett syndrome,1,,,,,,,,
Disease,autism-related disorder,1,,,,,,,,
Disease,Deficiency in Scrib impairs,1,,,,,,,,
Disease,Deficiency,1,,,,,,,,
Disease,neurodegenerative disorder,1,,,,,,,,
Disease,spinocerebellar ataxia and cardiomyopathy,1,,,,,,,,
Disease,fragile X syndrome,1,,,,,,,,
Disease,Alzheimer disease brains,1,,,,,,,,
Disease,Parkinson disease brains,1,,,,,,,,
Disease,genetic disorder,1,,,,,,,,
Disease,cell leukemia,1,,,,,,,,
Disease,B-lymphoid homeostasis,1,,,,,,,,
Disease,learning defect,1,,,,,,,,
Disease,vascular remodeling defects,1,,,,,,,,
Disease,epithelial cancers,1,,,,,,,,
Disease,epithelial tumors,1,,,,,,,,
Disease,invasive carcinomas,1,,,,,,,,
Disease,hyperplasia,1,,,,,,,,
Disease,heart injury,1,,,,,,,,
Disease,myocardial infarction,1,,,,,,,,
Disease,psychiatric disorders,1,,,,,,,,
Disease,deficiency alters iron metabolism,1,,,,,,,,
Disease,iron deficiency,1,,,,,,,,
Disease,Embryonic lethality,1,,,,,,,,
Disease,bacterial infection,1,,,,,,,,
Disease,chronic infections,1,,,,,,,,
Disease,HIV,1,,,,,,,,
Disease,AIDS,1,,,,,,,,
Disease,Hypertrophic heart disease,1,,,,,,,,
Disease,cardiomyocyte hypertrophy,1,,,,,,,,
Disease,cardiac pathological hypertrophy,1,,,,,,,,
Disease,myocardial hypertrophy,1,,,,,,,,
Disease,fibrosis,1,,,,,,,,
Disease,cardiac dysfunction,1,,,,,,,,
Disease,hypoxia,1,,,,,,,,
Disease,Cardiac hypertrophy,1,,,,,,,,
Disease,Parkinson\'s disease,1,,,,,,,,
Disease,aggressive haematopoietic malignancy,1,,,,,,,,
Disease,aggressive leukaemias,1,,,,,,,,
Disease,cranio-lenticulo-sutural dysplasia,1,,,,,,,,
Disease,retention disease,1,,,,,,,,
Disease,congenital anomalies,1,,,,,,,,
Disease,neurobehavioral abnormalities,1,,,,,,,,
Disease,rhythm-dysfunction disorder,1,,,,,,,,
Disease,hypothalamus,1,,,,,,,,
Disease,viral infections,1,,,,,,,,
Disease,injury,1,,,,,,,,
Disease,retards muscle differentiation,1,,,,,,,,
Disease,Additional defects,1,,,,,,,,
Disease,colitis,1,,,,,,,,
Disease,WASH deficiency,1,,,,,,,,
Disease,early embryonic lethality,1,,,,,,,,
Disease,seizures,1,,,,,,,,
Disease,hyperkinetic disorders,1,,,,,,,,
Disease,hyperkinetic neuropsychiatric disorder,1,,,,,,,,
Disease,hyperkinetic disorder,1,,,,,,,,
Disease,cardiovascular diseases,1,,,,,,,,
Disease,bleeding,1,,,,,,,,
Disease,platelet aggregation,1,,,,,,,,
Disease,occlusive thrombi,1,,,,,,,,
Disease,thrombus,1,,,,,,,,
Disease,allergic diseases,1,,,,,,,,
Disease,WASH deficiency impairs,1,,,,,,,,
Disease,LCMV infection,1,,,,,,,,
Disease,EBPbeta,1,,,,,,,,
Disease,haploinsufficient tumour,1,,,,,,,,
Disease,microencephaly,1,,,,,,,,
Disease,back side-anchored,1,,,,,,,,
Disease,Osteofibrous Dysplasia,1,,,,,,,,
Disease,Osteofibrous dysplasia,1,,,,,,,,
Disease,congenital disorder of osteogenesis,1,,,,,,,,
Disease,retarded osteoblastic differentiation,1,,,,,,,,
Disease,congenital glaucoma,1,,,,,,,,
Disease,Primary congenital glaucoma,1,,,,,,,,
Disease,eye disease,1,,,,,,,,
Disease,intraocular pressure,1,,,,,,,,
Disease,acute hyperglycemia,1,,,,,,,,
Disease,hyperglycemia,1,,,,,,,,
Disease,dendritic tips of ON-bipolar,1,,,,,,,,
Disease,squamous cell carcinoma,1,,,,,,,,
Disease,hyperactive,1,,,,,,,,
Disease,psychiatric,1,,,,,,,,
Disease,attention-deficit hyperactivity disorder,1,,,,,,,,
Disease,autism spectrum disorders,1,,,,,,,,
Disease,multiple sclerosis,1,,,,,,,,
Disease,haploinsufficiency alters neuronal,1,,,,,,,,
Disease,autistic,1,,,,,,,,
Disease,autism,1,,,,,,,,
Disease,cognitive deficit,1,,,,,,,,
Disease,autistic spectrum disorders,1,,,,,,,,
Disease,haploinsufficiency impairs,1,,,,,,,,
Disease,neuronal dysfunctions,1,,,,,,,,
Disease,amyotrophic lateral sclerosis,1,,,,,,,,
Disease,dementia,1,,,,,,,,
Disease,infertile,1,,,,,,,,
Disease,teratozoospermia,1,,,,,,,,
Disease,retinoblastoma,1,,,,,,,,
Disease,developmental abnormalities and tumour growth,1,,,,,,,,
Disease,AMBRA1-deficient tumours,1,,,,,,,,
Disease,retinoblastoma (RB) hyperphosphorylation,1,,,,,,,,
Disease,retinoblastoma tumour,1,,,,,,,,
CellLine,Rat 1,1,,,,,,,,
CellLine,BC3H1,1,,,,,,,,
CellLine,COS-1,1,,,,,,,,
CellLine,RTK,1,,,,,,,,
CellLine,3T3,1,,,,,,,,
CellLine,293T,1,,,,,,,,
CellLine,COS-7,1,,,,,,,,
CellLine,NIH 3T3,1,,,,,,,,
CellLine,MCF-7,1,,,,,,,,
CellLine,HEK293T,1,,,,,,,,
CellLine,"101, a",1,,,,,,,,
CellLine,SH-SY5Y,1,,,,,,,,
CellLine,THP-1,1,,,,,,,,
CellLine,HT22,1,,,,,,,,
CellLine,HCT116,1,,,,,,,,
CellLine,NK,1,,,,,,,,
CellLine,T-Cell,1,,,,,,,,
ProteinAcidChange,serine to an aspartic acid,1,,,,,,,,
ProteinAcidChange,cysteine to alanine,1,,,,,,,,
ProteinAcidChange,valine to alanine,1,,,,,,,,
ProteinAcidChange,serine-to-alanine,1,,,,,,,,
ProteinAcidChange,His-to-Lys,1,,,,,,,,
ProteinAcidChange,His-to-Asp,1,,,,,,,,
ProteinMutation,tyrosine 1101,1,,,,,,,,
ProteinMutation,Y1101 to phenylalanine,1,,,,,,,,
ProteinMutation,tyrosine 766 to phenylalanine,1,,,,,,,,
ProteinMutation,F31S,1,,,,,,,,
ProteinMutation,V477A,1,,,,,,,,
ProteinMutation,S127A,1,,,,,,,,
ProteinMutation,S128A,1,,,,,,,,
ProteinMutation,Y479F,1,,,,,,,,
ProteinMutation,V675A,1,,,,,,,,
ProteinMutation,E84A,1,,,,,,,,
ProteinMutation,R87A,1,,,,,,,,
ProteinMutation,Q83A,1,,,,,,,,
ProteinMutation,H171A,1,,,,,,,,
ProteinMutation,H197A,1,,,,,,,,
ProteinMutation,G130V,1,,,,,,,,
ProteinMutation,S557A,1,,,,,,,,
ProteinMutation,S553A,1,,,,,,,,
ProteinMutation,T522D,1,,,,,,,,
ProteinMutation,T522V,1,,,,,,,,
ProteinMutation,lysine 437 through lysine,1,,,,,,,,
ProteinMutation,serine 1700,1,,,,,,,,
ProteinMutation,Ser-1700-Ala,1,,,,,,,,
ProteinMutation,Ser1928 mutated to alanine,1,,,,,,,,
DNAMutation,C273A,1,,,,,,,,
DNAMutation,C288A,1,,,,,,,,
SNP,rs5918,1,,,,,,,,
